dataset,method,seed,status,reason,aggregation_route,cold_count,hot_count,cold_source,hot_source,R@5,R@10,R@20,N@5,N@10,N@20
MOOCCube,Popularity,2025,ready,,cold_hot_course_count_weighted,68,575,outputs\content_delta_pop5\static_item_cold_balanced\strict_item_cold_balanced_thr1_seed_2025\main_table_balanced_itemmacro_v1\per_item_full_cold_popularity_static.csv,outputs\content_delta_pop5\static_item_cold_balanced\strict_item_cold_balanced_thr1_seed_2025\main_table_balanced_itemmacro_v1\popularity_static_result.json,0.00916553344479005,0.0178945412869362,0.033116624222395,0.00557207604199067,0.00835233455287714,0.0121487825155521
MOOCCube,Popularity,2026,ready,,cold_hot_course_count_weighted,68,575,outputs\content_delta_pop5\static_item_cold_balanced\strict_item_cold_balanced_thr1_seed_2026\main_table_balanced_itemmacro_v1\per_item_full_cold_popularity_static.csv,outputs\content_delta_pop5\static_item_cold_balanced\strict_item_cold_balanced_thr1_seed_2026\main_table_balanced_itemmacro_v1\popularity_static_result.json,0.00919386270217729,0.0175292119517885,0.0329950009020218,0.00546579270217729,0.00808896416407465,0.0119473001905132
MOOCCube,Popularity,2027,ready,,cold_hot_course_count_weighted,68,574,outputs\content_delta_pop5\static_item_cold_balanced\strict_item_cold_balanced_thr1_seed_2027\main_table_balanced_itemmacro_v1\per_item_full_cold_popularity_static.csv,outputs\content_delta_pop5\static_item_cold_balanced\strict_item_cold_balanced_thr1_seed_2027\main_table_balanced_itemmacro_v1\popularity_static_result.json,0.00946095196012461,0.017179655846729,0.0331795478566978,0.00575651573239875,0.00820166721838006,0.0121984123202492
MOOCCube,BPR,2025,ready,,cold_hot_course_count_weighted,68,575,outputs\content_delta_pop5\static_item_cold_balanced\strict_item_cold_balanced_thr1_seed_2025\main_table_balanced_itemmacro_v1\bpr_static_result.json,outputs\content_delta_pop5\static_item_cold_balanced\strict_item_cold_balanced_thr1_seed_2025\main_table_balanced_itemmacro_v1\bpr_static_result.json,0.167874634779471,0.205503162374806,0.260187790051633,0.129117492521928,0.14121295596112,0.154998817645723
MOOCCube,BPR,2026,ready,,cold_hot_course_count_weighted,68,575,outputs\content_delta_pop5\static_item_cold_balanced\strict_item_cold_balanced_thr1_seed_2026\main_table_balanced_itemmacro_v1\bpr_static_result.json,outputs\content_delta_pop5\static_item_cold_balanced\strict_item_cold_balanced_thr1_seed_2026\main_table_balanced_itemmacro_v1\bpr_static_result.json,0.168435841965319,0.2152398069014,0.267513643106532,0.130683467643235,0.14570922527916,0.158862716969051
MOOCCube,BPR,2027,ready,,cold_hot_course_count_weighted,68,574,outputs\content_delta_pop5\static_item_cold_balanced\strict_item_cold_balanced_thr1_seed_2027\main_table_balanced_itemmacro_v1\bpr_static_result.json,outputs\content_delta_pop5\static_item_cold_balanced\strict_item_cold_balanced_thr1_seed_2027\main_table_balanced_itemmacro_v1\bpr_static_result.json,0.191561860611526,0.236505792796262,0.291932287217446,0.147769081695327,0.162246125596262,0.176206733760436
MOOCCube,DropoutNet,2025,ready,,cold_hot_course_count_weighted,68,575,outputs\content_delta_pop5\static_item_cold_balanced\strict_item_cold_balanced_thr1_seed_2025\main_table_balanced_itemmacro_dropoutnet_official_teacher80_student120_v1\dropoutnet_official_static_result.json,outputs\content_delta_pop5\static_item_cold_balanced\strict_item_cold_balanced_thr1_seed_2025\main_table_balanced_itemmacro_dropoutnet_official_teacher80_student120_v1\dropoutnet_official_static_result.json,0.143289450079316,0.200228443205754,0.269433632387247,0.100915890627061,0.119196758558787,0.136578549376361
MOOCCube,DropoutNet,2026,ready,,cold_hot_course_count_weighted,68,575,outputs\content_delta_pop5\static_item_cold_balanced\strict_item_cold_balanced_thr1_seed_2026\main_table_balanced_itemmacro_dropoutnet_official_teacher80_student120_v1\dropoutnet_official_static_result.json,outputs\content_delta_pop5\static_item_cold_balanced\strict_item_cold_balanced_thr1_seed_2026\main_table_balanced_itemmacro_dropoutnet_official_teacher80_student120_v1\dropoutnet_official_static_result.json,0.149043967762519,0.199362758883359,0.272766031848212,0.1057400201521,0.122025193938725,0.140486369205132
MOOCCube,DropoutNet,2027,ready,,cold_hot_course_count_weighted,68,574,outputs\content_delta_pop5\static_item_cold_balanced\strict_item_cold_balanced_thr1_seed_2027\main_table_balanced_itemmacro_dropoutnet_official_teacher80_student120_v1\dropoutnet_official_static_result.json,outputs\content_delta_pop5\static_item_cold_balanced\strict_item_cold_balanced_thr1_seed_2027\main_table_balanced_itemmacro_dropoutnet_official_teacher80_student120_v1\dropoutnet_official_static_result.json,0.159066988883178,0.221946652939564,0.295509062308411,0.111893037080374,0.132200084462928,0.150672117942991
MOOCCube,LightGCN,2025,ready,,cold_hot_course_count_weighted,68,575,outputs\content_delta_pop5\static_item_cold_balanced\strict_item_cold_balanced_thr1_seed_2025\main_table_balanced_itemmacro_v1\lightgcn_static_result.json,outputs\content_delta_pop5\static_item_cold_balanced\strict_item_cold_balanced_thr1_seed_2025\main_table_balanced_itemmacro_v1\lightgcn_static_result.json,0.136914867716796,0.194207223126905,0.265068756630482,0.0939508057202177,0.11236244164339,0.130216087006532
MOOCCube,LightGCN,2026,ready,,cold_hot_course_count_weighted,68,575,outputs\content_delta_pop5\static_item_cold_balanced\strict_item_cold_balanced_thr1_seed_2026\main_table_balanced_itemmacro_v1\lightgcn_static_result.json,outputs\content_delta_pop5\static_item_cold_balanced\strict_item_cold_balanced_thr1_seed_2026\main_table_balanced_itemmacro_v1\lightgcn_static_result.json,0.1395661205521,0.194860500295956,0.269531374795645,0.0966823998004666,0.114510212574806,0.133268245234215
MOOCCube,LightGCN,2027,ready,,cold_hot_course_count_weighted,68,574,outputs\content_delta_pop5\static_item_cold_balanced\strict_item_cold_balanced_thr1_seed_2027\main_table_balanced_itemmacro_v1\lightgcn_static_result.json,outputs\content_delta_pop5\static_item_cold_balanced\strict_item_cold_balanced_thr1_seed_2027\main_table_balanced_itemmacro_v1\lightgcn_static_result.json,0.11736224301215,0.170730274683178,0.250245730446417,0.0828928669719626,0.100137580961059,0.120053844875389
MOOCCube,CCFCRec,2025,ready,,cold_hot_course_count_weighted,68,575,outputs\content_delta_pop5\static_item_cold_balanced\strict_item_cold_balanced_thr1_seed_2025\main_table_balanced_itemmacro_v1\ccfcrec_static_result.json,outputs\content_delta_pop5\static_item_cold_balanced\strict_item_cold_balanced_thr1_seed_2025\main_table_balanced_itemmacro_v1\ccfcrec_static_result.json,0.0603896785944012,0.0903882845979782,0.130471391904821,0.0441197893622084,0.0537082660614308,0.0637392237620529
MOOCCube,CCFCRec,2026,ready,,cold_hot_course_count_weighted,68,575,outputs\content_delta_pop5\static_item_cold_balanced\strict_item_cold_balanced_thr1_seed_2026\main_table_balanced_itemmacro_v1\ccfcrec_static_result.json,outputs\content_delta_pop5\static_item_cold_balanced\strict_item_cold_balanced_thr1_seed_2026\main_table_balanced_itemmacro_v1\ccfcrec_static_result.json,0.0497082775203732,0.0745122116780715,0.12070304111493,0.036113792870451,0.0440535536973561,0.0555509712615863
MOOCCube,CCFCRec,2027,ready,,cold_hot_course_count_weighted,68,574,outputs\content_delta_pop5\static_item_cold_balanced\strict_item_cold_balanced_thr1_seed_2027\main_table_balanced_itemmacro_v1\ccfcrec_static_result.json,outputs\content_delta_pop5\static_item_cold_balanced\strict_item_cold_balanced_thr1_seed_2027\main_table_balanced_itemmacro_v1\ccfcrec_static_result.json,0.0667329713498442,0.105697615977882,0.162593397896885,0.0465126681853582,0.0590751782205607,0.0733466216046729
MOOCCube,ALDI,2025,ready,,cold_hot_course_count_weighted,68,575,outputs\content_delta_pop5\static_item_cold_balanced\strict_item_cold_balanced_thr1_seed_2025\main_table_balanced_itemmacro_v1\aldi_official_static_result.json,outputs\content_delta_pop5\static_item_cold_balanced\strict_item_cold_balanced_thr1_seed_2025\main_table_balanced_itemmacro_v1\aldi_official_static_result.json,0.439972255328686,0.480178151278439,0.521472889837969,0.370788595718227,0.383788853414986,0.394228854970771
MOOCCube,ALDI,2026,ready,,cold_hot_course_count_weighted,68,575,outputs\content_delta_pop5\static_item_cold_balanced\strict_item_cold_balanced_thr1_seed_2026\main_table_balanced_itemmacro_v1\aldi_official_static_result.json,outputs\content_delta_pop5\static_item_cold_balanced\strict_item_cold_balanced_thr1_seed_2026\main_table_balanced_itemmacro_v1\aldi_official_static_result.json,0.455450567243436,0.500202687074247,0.541795844319896,0.382642906634588,0.397173704279271,0.407717305764997
MOOCCube,ALDI,2027,ready,,cold_hot_course_count_weighted,68,574,outputs\content_delta_pop5\static_item_cold_balanced\strict_item_cold_balanced_thr1_seed_2027\main_table_balanced_itemmacro_v1\aldi_official_static_result.json,outputs\content_delta_pop5\static_item_cold_balanced\strict_item_cold_balanced_thr1_seed_2027\main_table_balanced_itemmacro_v1\aldi_official_static_result.json,0.465287611568196,0.509912509778024,0.552127872523435,0.388744211583278,0.403273811372238,0.413964772609038
MOOCCube,KGRec,2025,ready,,direct_all_item_macro_validated,68,575,paper_aaai27\baseline_sources\_kgrec_strict\mooccube_seed2025_retuned_lr1e-5\kgrec_strict_adapter_report.json,paper_aaai27\baseline_sources\_kgrec_strict\mooccube_seed2025_retuned_lr1e-5\kgrec_strict_adapter_report.json,0.101887694304123,0.136972402185088,0.184349851437179,0.0776916458014622,0.0889854371423124,0.10098084367561
MOOCCube,KGRec,2026,ready,,direct_all_item_macro_validated,68,575,paper_aaai27\baseline_sources\_kgrec_strict\mooccube_seed2026_retuned_lr1e-5\kgrec_strict_adapter_report.json,paper_aaai27\baseline_sources\_kgrec_strict\mooccube_seed2026_retuned_lr1e-5\kgrec_strict_adapter_report.json,0.111138375609764,0.14500111508213,0.198420806095146,0.0860107202313019,0.0968668800597583,0.110282887962758
MOOCCube,KGRec,2027,ready,,direct_all_item_macro_validated,68,574,paper_aaai27\baseline_sources\_kgrec_strict\mooccube_seed2027_retuned_lr1e-5\kgrec_strict_adapter_report.json,paper_aaai27\baseline_sources\_kgrec_strict\mooccube_seed2027_retuned_lr1e-5\kgrec_strict_adapter_report.json,0.111964293083802,0.147976776178566,0.201997997824244,0.0903845629099672,0.101920774662005,0.115438676366028
MOOCCube,CGRC,2025,ready,,cold_hot_course_count_weighted,68,575,outputs\content_delta_pop5\static_item_cold_balanced\strict_item_cold_balanced_thr1_seed_2025\significance_cgrc_exact_reexport\per_item_full_cold_cgrc_paper_static.csv,outputs\content_delta_pop5\static_item_cold_balanced\strict_item_cold_balanced_thr1_seed_2025\significance_cgrc_exact_reexport\per_item_full_hot_cgrc_paper_static.csv,0.175463286080888,0.227360910968596,0.297895063717773,0.132962542335244,0.149652205740848,0.167408632476264
MOOCCube,CGRC,2026,ready,,cold_hot_course_count_weighted,68,575,outputs\content_delta_pop5\static_item_cold_balanced\strict_item_cold_balanced_thr1_seed_2026\significance_cgrc_exact_reexport\per_item_full_cold_cgrc_paper_static.csv,outputs\content_delta_pop5\static_item_cold_balanced\strict_item_cold_balanced_thr1_seed_2026\significance_cgrc_exact_reexport\per_item_full_hot_cgrc_paper_static.csv,0.180935863440498,0.238684390057791,0.302118992413524,0.138461924910996,0.15711925638892,0.17302087240677
MOOCCube,CGRC,2027,ready,,cold_hot_course_count_weighted,68,574,outputs\content_delta_pop5\static_item_cold_balanced\strict_item_cold_balanced_thr1_seed_2027\significance_cgrc_exact_reexport\per_item_full_cold_cgrc_paper_static.csv,outputs\content_delta_pop5\static_item_cold_balanced\strict_item_cold_balanced_thr1_seed_2027\significance_cgrc_exact_reexport\per_item_full_hot_cgrc_paper_static.csv,0.200541938612517,0.25317668198512,0.318391119394289,0.151869338948769,0.16906804055786,0.185542009753513
MOOCCube,PCGNN,2025,unavailable_missing_warm_targets,retained strict report has no warm-target metrics,unavailable,68,0,paper_aaai27\baseline_sources\_pcgnn_strict\mooccube_seed2025_full_formal_kg_warm\pcgnn_strict_adapter_report.json,paper_aaai27\baseline_sources\_pcgnn_strict\mooccube_seed2025_full_formal_kg_warm\pcgnn_strict_adapter_report.json,,,,,,
MOOCCube,PCGNN,2026,unavailable_missing_warm_targets,retained strict report has no warm-target metrics,unavailable,68,0,paper_aaai27\baseline_sources\_pcgnn_strict\mooccube_seed2026_full_formal_kg_warm\pcgnn_strict_adapter_report.json,paper_aaai27\baseline_sources\_pcgnn_strict\mooccube_seed2026_full_formal_kg_warm\pcgnn_strict_adapter_report.json,,,,,,
MOOCCube,PCGNN,2027,unavailable_missing_warm_targets,retained strict report has no warm-target metrics,unavailable,68,0,paper_aaai27\baseline_sources\_pcgnn_strict\mooccube_seed2027_full_formal_kg_warm\pcgnn_strict_adapter_report.json,paper_aaai27\baseline_sources\_pcgnn_strict\mooccube_seed2027_full_formal_kg_warm\pcgnn_strict_adapter_report.json,,,,,,
MOOCCube,USIM,2025,ready,,cold_hot_course_count_weighted,68,575,outputs\content_delta_pop5\static_item_cold_balanced\strict_item_cold_balanced_thr1_seed_2025\main_table_balanced_itemmacro_v1\per_item_full_cold_usim_official_static.csv,outputs\content_delta_pop5\static_item_cold_balanced\strict_item_cold_balanced_thr1_seed_2025\main_table_balanced_itemmacro_v1\per_item_full_hot_usim_official_static.csv,0.103461558166646,0.142767334571035,0.190641378153574,0.0752052007746497,0.0879335963066111,0.0999713158709429
MOOCCube,USIM,2026,ready,,cold_hot_course_count_weighted,68,575,outputs\content_delta_pop5\static_item_cold_balanced\strict_item_cold_balanced_thr1_seed_2026\main_table_balanced_itemmacro_v1\per_item_full_cold_usim_official_static.csv,outputs\content_delta_pop5\static_item_cold_balanced\strict_item_cold_balanced_thr1_seed_2026\main_table_balanced_itemmacro_v1\per_item_full_hot_usim_official_static.csv,0.11372621272538,0.156237462061798,0.211634667628319,0.0820279717112549,0.0958111162010231,0.109689486635394
MOOCCube,USIM,2027,ready,,cold_hot_course_count_weighted,68,574,outputs\content_delta_pop5\static_item_cold_balanced\strict_item_cold_balanced_thr1_seed_2027\main_table_balanced_itemmacro_v1\per_item_full_cold_usim_official_static.csv,outputs\content_delta_pop5\static_item_cold_balanced\strict_item_cold_balanced_thr1_seed_2027\main_table_balanced_itemmacro_v1\per_item_full_hot_usim_official_static.csv,0.123610098848996,0.16619367029043,0.233901367699995,0.0890816587371449,0.10273163689657,0.119842664026968
MOOCCube,SEMCo,2025,ready,,cold_hot_course_count_weighted,68,575,outputs\content_delta_pop5\semco_official_v1\strict_item_cold_balanced_thr1_seed_2025\sparsemax_scale12_e5_b512\per_item_full_cold_semco_official_static.csv,outputs\content_delta_pop5\semco_official_v1\strict_item_cold_balanced_thr1_seed_2025\sparsemax_scale12_e5_b512\per_item_full_hot_semco_official_static.csv,0.178183840741427,0.238666386159201,0.318364755376622,0.128442344016339,0.147969828244862,0.168062665885978
MOOCCube,SEMCo,2026,ready,,cold_hot_course_count_weighted,68,575,outputs\content_delta_pop5\semco_official_v1\strict_item_cold_balanced_thr1_seed_2026\sparsemax_scale12_e5_b512\per_item_full_cold_semco_official_static.csv,outputs\content_delta_pop5\semco_official_v1\strict_item_cold_balanced_thr1_seed_2026\sparsemax_scale12_e5_b512\per_item_full_hot_semco_official_static.csv,0.185009491060884,0.246055299954774,0.328989930694398,0.132772628640435,0.152432008063264,0.173243349984461
MOOCCube,SEMCo,2027,ready,,cold_hot_course_count_weighted,68,574,outputs\content_delta_pop5\semco_official_v1\strict_item_cold_balanced_thr1_seed_2027\sparsemax_scale12_e5_b512\per_item_full_cold_semco_official_static.csv,outputs\content_delta_pop5\semco_official_v1\strict_item_cold_balanced_thr1_seed_2027\sparsemax_scale12_e5_b512\per_item_full_hot_semco_official_static.csv,0.200693176059895,0.265830894219901,0.351072958014234,0.142794668465029,0.16388635748372,0.185287637353272
MOOCCube,CKG-RL,2025,ready,,cold_hot_course_count_weighted,68,575,outputs\significance_per_item_exports\mooccube\ckg_rl_full\strict_item_cold_balanced_thr1_seed_2025\per_item_full_cold_usim_feedback_fast3_content_delta_static.csv,outputs\significance_per_item_exports\mooccube\ckg_rl_full\strict_item_cold_balanced_thr1_seed_2025\per_item_full_hot_usim_feedback_fast3_content_delta_static.csv,0.0910588307328633,0.145771876234222,0.218549468305165,0.0626646210442166,0.0803566237391522,0.0986652459313731
MOOCCube,CKG-RL,2026,ready,,cold_hot_course_count_weighted,68,575,outputs\significance_per_item_exports\mooccube\ckg_rl_full\strict_item_cold_balanced_thr1_seed_2026\per_item_full_cold_usim_feedback_fast3_content_delta_static.csv,outputs\significance_per_item_exports\mooccube\ckg_rl_full\strict_item_cold_balanced_thr1_seed_2026\per_item_full_hot_usim_feedback_fast3_content_delta_static.csv,0.101725479526753,0.150424084028764,0.224176736533406,0.0684123035309796,0.0840381676182728,0.102543398004086
MOOCCube,CKG-RL,2027,ready,,cold_hot_course_count_weighted,68,574,outputs\significance_per_item_exports\mooccube\ckg_rl_full\strict_item_cold_balanced_thr1_seed_2027\per_item_full_cold_usim_feedback_fast3_content_delta_static.csv,outputs\significance_per_item_exports\mooccube\ckg_rl_full\strict_item_cold_balanced_thr1_seed_2027\per_item_full_hot_usim_feedback_fast3_content_delta_static.csv,0.120111157004548,0.174165843182126,0.251856797959254,0.082151488112946,0.0994255060538903,0.119011280989681
Junyi,Popularity,2025,ready,,cold_hot_course_count_weighted,71,596,outputs\junyi\official_prereq_seed2025\strict_item_cold_balanced_thr1_seed_2025\popularity_compare\per_item_full_cold_popularity_static.csv,outputs\junyi\official_prereq_seed2025\strict_item_cold_balanced_thr1_seed_2025\popularity_compare\popularity_static_result.json,0.016577417605997,0.0292483717085457,0.0524915337343328,0.010401519241979,0.0144432750134933,0.0203014481901049
Junyi,Popularity,2026,ready,,cold_hot_course_count_weighted,71,599,outputs\junyi\main_table_3seed\strict_item_cold_balanced_thr1_seed_2026\popularity_compare_strictfix\per_item_full_cold_popularity_static.csv,outputs\junyi\main_table_3seed\strict_item_cold_balanced_thr1_seed_2026\popularity_compare_strictfix\popularity_static_result.json,0.0164865830264179,0.0291218974302985,0.0513101703131343,0.0100635608304478,0.014105395581194,0.0196912636022388
Junyi,Popularity,2027,ready,,cold_hot_course_count_weighted,71,598,outputs\junyi\main_table_3seed\strict_item_cold_balanced_thr1_seed_2027\popularity_compare_strictfix\per_item_full_cold_popularity_static.csv,outputs\junyi\main_table_3seed\strict_item_cold_balanced_thr1_seed_2027\popularity_compare_strictfix\popularity_static_result.json,0.0161873134869955,0.0275689204678625,0.0518873284481315,0.00983326681106129,0.0134631239506726,0.0195777602092676
Junyi,BPR,2025,ready,,cold_hot_course_count_weighted,71,596,outputs\junyi\official_prereq_seed2025\strict_item_cold_balanced_thr1_seed_2025\bpr_compare\per_item_full_cold_bpr_static.csv,outputs\junyi\official_prereq_seed2025\strict_item_cold_balanced_thr1_seed_2025\bpr_compare\bpr_static_result.json,0.127763546378805,0.181686665003804,0.258957166555829,0.0879999814520431,0.105357339005226,0.124785341976871
Junyi,BPR,2026,ready,,cold_hot_course_count_weighted,71,599,outputs\junyi\main_table_3seed\strict_item_cold_balanced_thr1_seed_2026\bpr_compare_strictfix\per_item_full_cold_bpr_static.csv,outputs\junyi\main_table_3seed\strict_item_cold_balanced_thr1_seed_2026\bpr_compare_strictfix\bpr_static_result.json,0.123987682266417,0.176704163916084,0.254409449261901,0.0863077967360878,0.103287327174537,0.122851558233122
Junyi,BPR,2027,ready,,cold_hot_course_count_weighted,71,598,outputs\junyi\main_table_3seed\strict_item_cold_balanced_thr1_seed_2027\bpr_compare_strictfix\per_item_full_cold_bpr_static.csv,outputs\junyi\main_table_3seed\strict_item_cold_balanced_thr1_seed_2027\bpr_compare_strictfix\bpr_static_result.json,0.135757654223559,0.190831859909901,0.271210823734565,0.0939077821004873,0.111601336477104,0.131791598119704
Junyi,DropoutNet,2025,ready,,cold_hot_course_count_weighted,71,596,outputs\junyi\official_prereq_seed2025\strict_item_cold_balanced_thr1_seed_2025\dropoutnet_compare\per_item_full_cold_dropoutnet_official_static.csv,outputs\junyi\official_prereq_seed2025\strict_item_cold_balanced_thr1_seed_2025\dropoutnet_compare\dropoutnet_official_static_result.json,0.0744578164962355,0.12741556214041,0.212850055700113,0.0458978312774935,0.0628873041784288,0.0843581619897667
Junyi,DropoutNet,2026,ready,,cold_hot_course_count_weighted,71,599,outputs\junyi\main_table_3seed\strict_item_cold_balanced_thr1_seed_2026\dropoutnet_compare_strictfix\per_item_full_cold_dropoutnet_official_static.csv,outputs\junyi\main_table_3seed\strict_item_cold_balanced_thr1_seed_2026\dropoutnet_compare_strictfix\dropoutnet_official_static_result.json,0.0725251495850237,0.122697378523214,0.200450779426273,0.0459525634422847,0.0620459930374177,0.0815426161028302
Junyi,DropoutNet,2027,ready,,cold_hot_course_count_weighted,71,598,outputs\junyi\main_table_3seed\strict_item_cold_balanced_thr1_seed_2027\dropoutnet_compare_strictfix\per_item_full_cold_dropoutnet_official_static.csv,outputs\junyi\main_table_3seed\strict_item_cold_balanced_thr1_seed_2027\dropoutnet_compare_strictfix\dropoutnet_official_static_result.json,0.0763812524910882,0.131569906608244,0.215574399966362,0.0472972279824275,0.0649564849989226,0.0860229283284273
Junyi,LightGCN,2025,ready,,cold_hot_course_count_weighted,71,596,outputs\junyi\official_prereq_seed2025\strict_item_cold_balanced_thr1_seed_2025\lightgcn_compare\per_item_full_cold_lightgcn_static.csv,outputs\junyi\official_prereq_seed2025\strict_item_cold_balanced_thr1_seed_2025\lightgcn_compare\lightgcn_static_result.json,0.144963733869351,0.223880631280009,0.338243801859677,0.0954291524522843,0.120743287865308,0.149552645632093
Junyi,LightGCN,2026,ready,,cold_hot_course_count_weighted,71,599,outputs\junyi\main_table_3seed\strict_item_cold_balanced_thr1_seed_2026\lightgcn_compare_strictfix\per_item_full_cold_lightgcn_static.csv,outputs\junyi\main_table_3seed\strict_item_cold_balanced_thr1_seed_2026\lightgcn_compare_strictfix\lightgcn_static_result.json,0.115787636883316,0.187247426738281,0.291041089509831,0.0751378971969696,0.0980636671974059,0.124126857611892
Junyi,LightGCN,2027,ready,,cold_hot_course_count_weighted,71,598,outputs\junyi\main_table_3seed\strict_item_cold_balanced_thr1_seed_2027\lightgcn_compare_strictfix\per_item_full_cold_lightgcn_static.csv,outputs\junyi\main_table_3seed\strict_item_cold_balanced_thr1_seed_2027\lightgcn_compare_strictfix\lightgcn_static_result.json,0.140792770484544,0.222784456340363,0.341121159759788,0.0932598870445508,0.119544824546373,0.149286995601455
Junyi,CCFCRec,2025,ready,,cold_hot_course_count_weighted,71,596,outputs\junyi\official_prereq_seed2025\strict_item_cold_balanced_thr1_seed_2025\ccfcrec_compare\per_item_full_cold_ccfcrec_static.csv,outputs\junyi\official_prereq_seed2025\strict_item_cold_balanced_thr1_seed_2025\ccfcrec_compare\ccfcrec_static_result.json,0.0182358434969882,0.0303412889150965,0.059898749904325,0.0117177064080411,0.0155669582758128,0.0228762589140759
Junyi,CCFCRec,2026,ready,,cold_hot_course_count_weighted,71,599,outputs\junyi\main_table_3seed\strict_item_cold_balanced_thr1_seed_2026\ccfcrec_compare_strictfix\per_item_full_cold_ccfcrec_static.csv,outputs\junyi\main_table_3seed\strict_item_cold_balanced_thr1_seed_2026\ccfcrec_compare_strictfix\ccfcrec_static_result.json,0.0149262473952741,0.0255547439707742,0.0622360568897696,0.00955895054007943,0.0129372745705505,0.0219854380811393
Junyi,CCFCRec,2027,ready,,cold_hot_course_count_weighted,71,598,outputs\junyi\main_table_3seed\strict_item_cold_balanced_thr1_seed_2027\ccfcrec_compare_strictfix\per_item_full_cold_ccfcrec_static.csv,outputs\junyi\main_table_3seed\strict_item_cold_balanced_thr1_seed_2027\ccfcrec_compare_strictfix\ccfcrec_static_result.json,0.016250153351837,0.0283047886914189,0.0624270907488776,0.0105749253415516,0.0144413447230242,0.0228691406684435
Junyi,ALDI,2025,ready,,cold_hot_course_count_weighted,71,596,outputs\junyi\official_prereq_seed2025\strict_item_cold_balanced_thr1_seed_2025\aldi_compare\per_item_full_cold_aldi_static.csv,outputs\junyi\official_prereq_seed2025\strict_item_cold_balanced_thr1_seed_2025\aldi_compare\aldi_static_result.json,0.116004224063738,0.186015035136339,0.295372525101792,0.0752429899178658,0.0976424809564431,0.125130612184931
Junyi,ALDI,2026,ready,,cold_hot_course_count_weighted,71,599,outputs\junyi\main_table_3seed\strict_item_cold_balanced_thr1_seed_2026\aldi_compare_strictfix\per_item_full_cold_aldi_static.csv,outputs\junyi\main_table_3seed\strict_item_cold_balanced_thr1_seed_2026\aldi_compare_strictfix\aldi_static_result.json,0.110739227416888,0.177474294084567,0.283551716490593,0.0715411592006232,0.092916187206657,0.119568735282234
Junyi,ALDI,2027,ready,,cold_hot_course_count_weighted,71,598,outputs\junyi\main_table_3seed\strict_item_cold_balanced_thr1_seed_2027\aldi_compare_strictfix\per_item_full_cold_aldi_static.csv,outputs\junyi\main_table_3seed\strict_item_cold_balanced_thr1_seed_2027\aldi_compare_strictfix\aldi_static_result.json,0.120481556657428,0.192926518263182,0.301578496821211,0.0777738799836887,0.101023138587409,0.128307099986094
Junyi,KGRec,2025,ready,,direct_all_item_macro_validated,71,596,paper_aaai27\baseline_sources\_kgrec_strict\junyi_seed2025_relationfix_lr1e-6_p8_trainonly\kgrec_strict_adapter_report.json,paper_aaai27\baseline_sources\_kgrec_strict\junyi_seed2025_relationfix_lr1e-6_p8_trainonly\kgrec_strict_adapter_report.json,0.0255741863660747,0.0471475998141704,0.0851416427394873,0.0150242225139599,0.0219526364929423,0.0314699647280805
Junyi,KGRec,2026,ready,,direct_all_item_macro_validated,71,599,paper_aaai27\baseline_sources\_kgrec_strict\junyi_seed2026_relationfix_lr1e-6_p8\kgrec_strict_adapter_report.json,paper_aaai27\baseline_sources\_kgrec_strict\junyi_seed2026_relationfix_lr1e-6_p8\kgrec_strict_adapter_report.json,0.0380940786580397,0.0661240996860898,0.109060326358358,0.0238282689937556,0.0328356980270461,0.0436516475480925
Junyi,KGRec,2027,ready,,direct_all_item_macro_validated,71,598,paper_aaai27\baseline_sources\_kgrec_strict\junyi_seed2027_main_lr1e-6_p8\kgrec_strict_adapter_report.json,paper_aaai27\baseline_sources\_kgrec_strict\junyi_seed2027_main_lr1e-6_p8\kgrec_strict_adapter_report.json,0.0310394074348223,0.0542350622083244,0.0928748237259246,0.0188354934702031,0.0262680629399502,0.0359617685777717
Junyi,CGRC,2025,ready,,cold_hot_course_count_weighted,71,596,outputs\junyi\official_prereq_seed2025\strict_item_cold_balanced_thr1_seed_2025\cgrc_paper_compare\per_item_full_cold_cgrc_paper_static.csv,outputs\junyi\official_prereq_seed2025\strict_item_cold_balanced_thr1_seed_2025\cgrc_paper_compare\per_item_full_hot_cgrc_paper_static.csv,0.150622591988025,0.220070837652749,0.312750883549309,0.100536252012286,0.122789357936121,0.146073513943865
Junyi,CGRC,2026,ready,,cold_hot_course_count_weighted,71,599,outputs\junyi\main_table_3seed\strict_item_cold_balanced_thr1_seed_2026\cgrc_paper_compare_strictfix\per_item_full_cold_cgrc_paper_static.csv,outputs\junyi\main_table_3seed\strict_item_cold_balanced_thr1_seed_2026\cgrc_paper_compare_strictfix\per_item_full_hot_cgrc_paper_static.csv,0.143262707416477,0.209107043407399,0.296669751365356,0.0971866740101684,0.118264406952343,0.140286106300255
Junyi,CGRC,2027,ready,,cold_hot_course_count_weighted,71,598,outputs\junyi\main_table_3seed\strict_item_cold_balanced_thr1_seed_2027\cgrc_paper_compare_strictfix\per_item_full_cold_cgrc_paper_static.csv,outputs\junyi\main_table_3seed\strict_item_cold_balanced_thr1_seed_2027\cgrc_paper_compare_strictfix\per_item_full_hot_cgrc_paper_static.csv,0.150750266211164,0.221908292419098,0.314129458318403,0.101768600153011,0.124724713715755,0.148007289744335
Junyi,PCGNN,2025,unavailable_missing_warm_targets,retained strict report has no warm-target metrics,unavailable,71,0,paper_aaai27\baseline_sources\_pcgnn_strict\junyi_seed2025_full_formal_kg_warm\pcgnn_strict_adapter_report.json,paper_aaai27\baseline_sources\_pcgnn_strict\junyi_seed2025_full_formal_kg_warm\pcgnn_strict_adapter_report.json,,,,,,
Junyi,PCGNN,2026,unavailable_missing_warm_targets,retained strict report has no warm-target metrics,unavailable,71,0,paper_aaai27\baseline_sources\_pcgnn_strict\junyi_seed2026_full_formal_kg_warm\pcgnn_strict_adapter_report.json,paper_aaai27\baseline_sources\_pcgnn_strict\junyi_seed2026_full_formal_kg_warm\pcgnn_strict_adapter_report.json,,,,,,
Junyi,PCGNN,2027,unavailable_missing_warm_targets,retained strict report has no warm-target metrics,unavailable,71,0,paper_aaai27\baseline_sources\_pcgnn_strict\junyi_seed2027_full_formal_kg_warm\pcgnn_strict_adapter_report.json,paper_aaai27\baseline_sources\_pcgnn_strict\junyi_seed2027_full_formal_kg_warm\pcgnn_strict_adapter_report.json,,,,,,
Junyi,USIM,2025,ready,,cold_hot_course_count_weighted,71,596,outputs\junyi\main_table_3seed\strict_item_cold_balanced_thr1_seed_2025\main_table_balanced_itemmacro_v1\per_item_full_cold_usim_official_static.csv,outputs\junyi\main_table_3seed\strict_item_cold_balanced_thr1_seed_2025\main_table_balanced_itemmacro_v1\per_item_full_hot_usim_official_static.csv,0.12448368054759,0.194794457530152,0.293597952638597,0.0818773396615437,0.104475730163654,0.12933592302487
Junyi,USIM,2026,ready,,cold_hot_course_count_weighted,71,599,outputs\junyi\main_table_3seed\strict_item_cold_balanced_thr1_seed_2026\main_table_balanced_itemmacro_v1\per_item_full_cold_usim_official_static.csv,outputs\junyi\main_table_3seed\strict_item_cold_balanced_thr1_seed_2026\main_table_balanced_itemmacro_v1\per_item_full_hot_usim_official_static.csv,0.116607520193161,0.186943801628505,0.284251496260333,0.0759403380853165,0.0985322183391598,0.122989081158736
Junyi,USIM,2027,ready,,cold_hot_course_count_weighted,71,598,outputs\junyi\main_table_3seed\strict_item_cold_balanced_thr1_seed_2027\main_table_balanced_itemmacro_v1\per_item_full_cold_usim_official_static.csv,outputs\junyi\main_table_3seed\strict_item_cold_balanced_thr1_seed_2027\main_table_balanced_itemmacro_v1\per_item_full_hot_usim_official_static.csv,0.125239443732518,0.201040193879606,0.309563239863075,0.0809601038885614,0.105272231647087,0.132522310262935
Junyi,SEMCo,2025,ready,,cold_hot_course_count_weighted,71,596,outputs\junyi\semco_official_v1\strict_item_cold_balanced_thr1_seed_2025\sparsemax_scale12_e5_b512\per_item_full_cold_semco_official_static.csv,outputs\junyi\semco_official_v1\strict_item_cold_balanced_thr1_seed_2025\sparsemax_scale12_e5_b512\per_item_full_hot_semco_official_static.csv,0.143224388260048,0.228335397713006,0.34364770403892,0.0908998163165694,0.118198010551244,0.147199760510396
Junyi,SEMCo,2026,ready,,cold_hot_course_count_weighted,71,599,outputs\junyi\semco_official_v1\strict_item_cold_balanced_thr1_seed_2026\sparsemax_scale12_e5_b512\per_item_full_cold_semco_official_static.csv,outputs\junyi\semco_official_v1\strict_item_cold_balanced_thr1_seed_2026\sparsemax_scale12_e5_b512\per_item_full_hot_semco_official_static.csv,0.147803804892255,0.231959553435132,0.346319319455734,0.0955801674764477,0.122594346598152,0.151319909017048
Junyi,SEMCo,2027,ready,,cold_hot_course_count_weighted,71,598,outputs\junyi\semco_official_v1\strict_item_cold_balanced_thr1_seed_2027\sparsemax_scale12_e5_b512\per_item_full_cold_semco_official_static.csv,outputs\junyi\semco_official_v1\strict_item_cold_balanced_thr1_seed_2027\sparsemax_scale12_e5_b512\per_item_full_hot_semco_official_static.csv,0.106876353410569,0.173807846550023,0.273665413975584,0.0666016233240506,0.0880557170582922,0.113166868816428
Junyi,CKG-RL,2025,ready,,cold_hot_course_count_weighted,71,596,outputs\junyi\main_table_3seed\strict_item_cold_balanced_thr1_seed_2025\per_item_full_cold_usim_feedback_fast3_content_delta_static.csv,outputs\junyi\main_table_3seed\strict_item_cold_balanced_thr1_seed_2025\per_item_full_hot_usim_feedback_fast3_content_delta_static.csv,0.0981619033078987,0.175769479797293,0.29204971158639,0.05875692368277,0.0836434149564779,0.112877140506318
Junyi,CKG-RL,2026,ready,,cold_hot_course_count_weighted,71,599,outputs\junyi\main_table_3seed\strict_item_cold_balanced_thr1_seed_2026\per_item_full_cold_usim_feedback_fast3_content_delta_static.csv,outputs\junyi\main_table_3seed\strict_item_cold_balanced_thr1_seed_2026\per_item_full_hot_usim_feedback_fast3_content_delta_static.csv,0.0840096720851521,0.151194295477307,0.266711922003868,0.0505759500889052,0.0720128849908097,0.100932651404647
Junyi,CKG-RL,2027,ready,,cold_hot_course_count_weighted,71,598,outputs\junyi\main_table_3seed\strict_item_cold_balanced_thr1_seed_2027\per_item_full_cold_usim_feedback_fast3_content_delta_static.csv,outputs\junyi\main_table_3seed\strict_item_cold_balanced_thr1_seed_2027\per_item_full_hot_usim_feedback_fast3_content_delta_static.csv,0.0967796010647718,0.175819276846231,0.289897560491144,0.0574109692360632,0.0827535772254056,0.111414867709923
COCO,Popularity,2025,ready,,cold_hot_course_count_weighted,820,6083,outputs\coco\single_seed_triage\ours_full\strict_item_cold_balanced_thr1_seed_2025\main_table_compare\per_item_full_cold_popularity_static.csv,outputs\coco\single_seed_triage\ours_full\strict_item_cold_balanced_thr1_seed_2025\main_table_compare\popularity_static_result.json,0.000824260951861509,0.00162500238032739,0.00311828793934521,0.00049939306281327,0.000753781514428509,0.00112548013197161
COCO,Popularity,2026,ready,,cold_hot_course_count_weighted,819,5996,outputs\coco\single_seed_triage\ours_full\strict_item_cold_balanced_thr1_seed_2026\main_table_compare\per_item_full_cold_popularity_static.csv,outputs\coco\single_seed_triage\ours_full\strict_item_cold_balanced_thr1_seed_2026\main_table_compare\popularity_static_result.json,0.00082180287377843,0.00162147192927366,0.00317769444513573,0.000492498242641233,0.000747555853088775,0.00113710968234776
COCO,Popularity,2027,ready,,cold_hot_course_count_weighted,820,6065,outputs\coco\single_seed_triage\ours_full\strict_item_cold_balanced_thr1_seed_2027\main_table_compare\per_item_full_cold_popularity_static.csv,outputs\coco\single_seed_triage\ours_full\strict_item_cold_balanced_thr1_seed_2027\main_table_compare\popularity_static_result.json,0.000792490514451707,0.00158255987385621,0.0031129222523602,0.000502011810021787,0.000755237760493827,0.00113659553485839
COCO,BPR,2025,ready,,cold_hot_course_count_weighted,820,6083,outputs\coco\single_seed_triage\ours_full\strict_item_cold_balanced_thr1_seed_2025\main_table_compare\per_item_full_cold_bpr_static.csv,outputs\coco\single_seed_triage\ours_full\strict_item_cold_balanced_thr1_seed_2025\main_table_compare\bpr_static_result.json,0.0342313645773432,0.048921602228379,0.0696602227363175,0.0234615189107924,0.0282022532777633,0.0334252957873678
COCO,BPR,2026,ready,,cold_hot_course_count_weighted,819,5996,outputs\coco\single_seed_triage\ours_full\strict_item_cold_balanced_thr1_seed_2026\main_table_compare\per_item_full_cold_bpr_static.csv,outputs\coco\single_seed_triage\ours_full\strict_item_cold_balanced_thr1_seed_2026\main_table_compare\bpr_static_result.json,0.0381395813310638,0.0522017778875422,0.0735960090588408,0.0255010305834776,0.030054722741482,0.0354242981419809
COCO,BPR,2027,ready,,cold_hot_course_count_weighted,820,6065,outputs\coco\single_seed_triage\ours_full\strict_item_cold_balanced_thr1_seed_2027\main_table_compare\per_item_full_cold_bpr_static.csv,outputs\coco\single_seed_triage\ours_full\strict_item_cold_balanced_thr1_seed_2027\main_table_compare\bpr_static_result.json,0.0350360027122731,0.0511056884989833,0.0722325035533765,0.0239353272924474,0.0291114032779956,0.0344092598508958
COCO,DropoutNet,2025,ready,,cold_hot_course_count_weighted,820,6083,outputs\coco\single_seed_triage\ours_full\strict_item_cold_balanced_thr1_seed_2025\main_table_compare\per_item_full_cold_drop_static.csv,outputs\coco\single_seed_triage\ours_full\strict_item_cold_balanced_thr1_seed_2025\main_table_compare\drop_static_result.json,0.0630790821351046,0.0941520761038289,0.137103506396416,0.0405491664712341,0.0505089825800822,0.0613218388778951
COCO,DropoutNet,2026,ready,,cold_hot_course_count_weighted,819,5996,outputs\coco\single_seed_triage\ours_full\strict_item_cold_balanced_thr1_seed_2026\main_table_compare\per_item_full_cold_drop_static.csv,outputs\coco\single_seed_triage\ours_full\strict_item_cold_balanced_thr1_seed_2026\main_table_compare\drop_static_result.json,0.059277351748943,0.0931351317409202,0.138734290976729,0.0395609419042935,0.0504418441780975,0.06188617138062
COCO,DropoutNet,2027,ready,,cold_hot_course_count_weighted,820,6065,outputs\coco\single_seed_triage\ours_full\strict_item_cold_balanced_thr1_seed_2027\main_table_compare\per_item_full_cold_drop_static.csv,outputs\coco\single_seed_triage\ours_full\strict_item_cold_balanced_thr1_seed_2027\main_table_compare\drop_static_result.json,0.0590273182253005,0.0906216596408903,0.134123589873571,0.03865295530072,0.0487863533746229,0.059729239706932
COCO,LightGCN,2025,ready,,cold_hot_course_count_weighted,820,6083,outputs\coco\single_seed_triage\ours_full\strict_item_cold_balanced_thr1_seed_2025\main_table_compare\per_item_full_cold_lightgcn_static.csv,outputs\coco\single_seed_triage\ours_full\strict_item_cold_balanced_thr1_seed_2025\main_table_compare\lightgcn_static_result.json,0.0113593675648047,0.021060195180318,0.0370757964967008,0.00713948725061797,0.0102418475711051,0.0142639934383736
COCO,LightGCN,2026,ready,,cold_hot_course_count_weighted,819,5996,outputs\coco\single_seed_triage\ours_full\strict_item_cold_balanced_thr1_seed_2026\main_table_compare\per_item_full_cold_lightgcn_static.csv,outputs\coco\single_seed_triage\ours_full\strict_item_cold_balanced_thr1_seed_2026\main_table_compare\lightgcn_static_result.json,0.0127957786369289,0.0219944230311469,0.0371010114107636,0.00804561985418441,0.0109752356460558,0.0147804459185598
COCO,LightGCN,2027,ready,,cold_hot_course_count_weighted,820,6065,outputs\coco\single_seed_triage\ours_full\strict_item_cold_balanced_thr1_seed_2027\main_table_compare\per_item_full_cold_lightgcn_static.csv,outputs\coco\single_seed_triage\ours_full\strict_item_cold_balanced_thr1_seed_2027\main_table_compare\lightgcn_static_result.json,0.011336031304358,0.0190919592033177,0.0336891186191621,0.00716310749882337,0.00963379450731511,0.0132797382474344
COCO,CCFCRec,2025,ready,,cold_hot_course_count_weighted,820,6083,outputs\coco\single_seed_triage\ours_full\strict_item_cold_balanced_thr1_seed_2025\main_table_compare\per_item_full_cold_ccfcrec_static.csv,outputs\coco\single_seed_triage\ours_full\strict_item_cold_balanced_thr1_seed_2025\main_table_compare\per_item_full_hot_ccfcrec_static.csv,0.0171894307854442,0.0294331506901277,0.052062706961876,0.0102829425092072,0.0142222040669406,0.0198944560987885
COCO,CCFCRec,2026,ready,,cold_hot_course_count_weighted,819,5996,outputs\coco\single_seed_triage\ours_full\strict_item_cold_balanced_thr1_seed_2026\main_table_compare\per_item_full_cold_ccfcrec_static.csv,outputs\coco\single_seed_triage\ours_full\strict_item_cold_balanced_thr1_seed_2026\main_table_compare\per_item_full_hot_ccfcrec_static.csv,0.0205196938434655,0.0343172860595097,0.0569565784829144,0.0126638722940193,0.0171233331396794,0.0227966999897219
COCO,CCFCRec,2027,ready,,cold_hot_course_count_weighted,820,6065,outputs\coco\single_seed_triage\ours_full\strict_item_cold_balanced_thr1_seed_2027\main_table_compare\per_item_full_cold_ccfcrec_static.csv,outputs\coco\single_seed_triage\ours_full\strict_item_cold_balanced_thr1_seed_2027\main_table_compare\per_item_full_hot_ccfcrec_static.csv,0.0191817602990318,0.0321396768643698,0.0542011362032758,0.0123052842232899,0.0164326820610135,0.0219643838656477
COCO,ALDI,2025,ready,,cold_hot_course_count_weighted,820,6083,outputs\coco\single_seed_triage\ours_full\strict_item_cold_balanced_thr1_seed_2025\main_table_compare\per_item_full_cold_aldi_static.csv,outputs\coco\single_seed_triage\ours_full\strict_item_cold_balanced_thr1_seed_2025\main_table_compare\aldi_static_result.json,0.0211419387957981,0.0342600536778945,0.0537412506413453,0.0138298163245947,0.0180441454753155,0.0228796818763359
COCO,ALDI,2026,ready,,cold_hot_course_count_weighted,819,5996,outputs\coco\single_seed_triage\ours_full\strict_item_cold_balanced_thr1_seed_2026\main_table_compare\per_item_full_cold_aldi_static.csv,outputs\coco\single_seed_triage\ours_full\strict_item_cold_balanced_thr1_seed_2026\main_table_compare\aldi_static_result.json,0.0221408383146262,0.0324915551456163,0.0480523323712533,0.0145319793675749,0.0178780767112967,0.0217848240251653
COCO,ALDI,2027,ready,,cold_hot_course_count_weighted,820,6065,outputs\coco\single_seed_triage\ours_full\strict_item_cold_balanced_thr1_seed_2027\main_table_compare\per_item_full_cold_aldi_static.csv,outputs\coco\single_seed_triage\ours_full\strict_item_cold_balanced_thr1_seed_2027\main_table_compare\aldi_static_result.json,0.0217941937037803,0.0319362966460419,0.0503571940426111,0.0142668317045273,0.0175194471638011,0.0221498331975015
COCO,KGRec,2025,ready,,direct_all_item_macro_validated,820,6083,paper_aaai27\baseline_sources\_kgrec_strict\coco_seed2025_single_lr1e-5\kgrec_strict_adapter_report.json,paper_aaai27\baseline_sources\_kgrec_strict\coco_seed2025_single_lr1e-5\kgrec_strict_adapter_report.json,0.00666878350349942,0.0115783941978699,0.021385325835788,0.00383994076423271,0.00539424097366902,0.00785161450689261
COCO,KGRec,2026,ready,,direct_all_item_macro_validated,819,5996,paper_aaai27\baseline_sources\_kgrec_strict\coco_seed2026_main_lr1e-5\kgrec_strict_adapter_report.json,paper_aaai27\baseline_sources\_kgrec_strict\coco_seed2026_main_lr1e-5\kgrec_strict_adapter_report.json,0.005290378662432,0.010814793902974,0.0221672727217265,0.00325243710342635,0.00505687527664826,0.00790042305116424
COCO,KGRec,2027,ready,,direct_all_item_macro_validated,820,6065,paper_aaai27\baseline_sources\_kgrec_strict\coco_seed2027_main_lr1e-5\kgrec_strict_adapter_report.json,paper_aaai27\baseline_sources\_kgrec_strict\coco_seed2027_main_lr1e-5\kgrec_strict_adapter_report.json,0.00834010333627993,0.0159791495432978,0.0282691618493973,0.00518899973674921,0.00759762735554822,0.0106742216087112
COCO,CGRC,2025,ready,,cold_hot_course_count_weighted,820,6083,outputs\coco\single_seed_triage\ours_full\strict_item_cold_balanced_thr1_seed_2025\main_table_compare\per_item_full_cold_cgrc_paper_static.csv,outputs\coco\single_seed_triage\ours_full\strict_item_cold_balanced_thr1_seed_2025\main_table_compare\per_item_full_hot_cgrc_paper_static.csv,0.0396974118606974,0.0622723755277455,0.0939427253369639,0.0254458373641885,0.0327647067617804,0.0407017264172815
COCO,CGRC,2026,ready,,cold_hot_course_count_weighted,819,5996,outputs\coco\single_seed_triage\ours_full\strict_item_cold_balanced_thr1_seed_2026\main_table_compare\per_item_full_cold_cgrc_paper_static.csv,outputs\coco\single_seed_triage\ours_full\strict_item_cold_balanced_thr1_seed_2026\main_table_compare\per_item_full_hot_cgrc_paper_static.csv,0.0418389769257311,0.0655200388421744,0.099776694167103,0.0262046814618784,0.0337806242557979,0.0424063464647821
COCO,CGRC,2027,ready,,cold_hot_course_count_weighted,820,6065,outputs\coco\single_seed_triage\ours_full\strict_item_cold_balanced_thr1_seed_2027\main_table_compare\per_item_full_cold_cgrc_paper_static.csv,outputs\coco\single_seed_triage\ours_full\strict_item_cold_balanced_thr1_seed_2027\main_table_compare\per_item_full_hot_cgrc_paper_static.csv,0.0431188114621947,0.0664587499126334,0.0974357530787103,0.027671058452662,0.0351637450269969,0.0429397161710044
COCO,PCGNN,2025,unavailable_missing_warm_targets,retained strict report has no warm-target metrics,unavailable,820,0,paper_aaai27\baseline_sources\_pcgnn_strict\coco_seed2025_full_formal_kg_warm\pcgnn_strict_adapter_report.json,paper_aaai27\baseline_sources\_pcgnn_strict\coco_seed2025_full_formal_kg_warm\pcgnn_strict_adapter_report.json,,,,,,
COCO,PCGNN,2026,unavailable_missing_warm_targets,retained strict report has no warm-target metrics,unavailable,819,0,paper_aaai27\baseline_sources\_pcgnn_strict\coco_seed2026_full_formal_kg_warm\pcgnn_strict_adapter_report.json,paper_aaai27\baseline_sources\_pcgnn_strict\coco_seed2026_full_formal_kg_warm\pcgnn_strict_adapter_report.json,,,,,,
COCO,PCGNN,2027,unavailable_missing_warm_targets,retained strict report has no warm-target metrics,unavailable,820,0,paper_aaai27\baseline_sources\_pcgnn_strict\coco_seed2027_full_formal_kg_warm\pcgnn_strict_adapter_report.json,paper_aaai27\baseline_sources\_pcgnn_strict\coco_seed2027_full_formal_kg_warm\pcgnn_strict_adapter_report.json,,,,,,
COCO,USIM,2025,ready,,cold_hot_course_count_weighted,820,6083,outputs\coco\single_seed_triage\ours_full\strict_item_cold_balanced_thr1_seed_2025\main_table_balanced_itemmacro_v1\per_item_full_cold_usim_official_static.csv,outputs\coco\single_seed_triage\ours_full\strict_item_cold_balanced_thr1_seed_2025\main_table_balanced_itemmacro_v1\per_item_full_hot_usim_official_static.csv,0.0293715558396589,0.0447285316264122,0.0668743685046522,0.0191432396921811,0.0240515933969866,0.0296081976863577
COCO,USIM,2026,ready,,cold_hot_course_count_weighted,819,5996,outputs\coco\single_seed_triage\ours_full\strict_item_cold_balanced_thr1_seed_2026\main_table_balanced_itemmacro_v1\per_item_full_cold_usim_official_static.csv,outputs\coco\single_seed_triage\ours_full\strict_item_cold_balanced_thr1_seed_2026\main_table_balanced_itemmacro_v1\per_item_full_hot_usim_official_static.csv,0.0320295821068617,0.0466496252309004,0.0684914733110165,0.0210126584995377,0.0257252572051675,0.0311767017976629
COCO,USIM,2027,ready,,cold_hot_course_count_weighted,820,6065,outputs\coco\single_seed_triage\ours_full\strict_item_cold_balanced_thr1_seed_2027\main_table_balanced_itemmacro_v1\per_item_full_cold_usim_official_static.csv,outputs\coco\single_seed_triage\ours_full\strict_item_cold_balanced_thr1_seed_2027\main_table_balanced_itemmacro_v1\per_item_full_hot_usim_official_static.csv,0.0292629227025788,0.0431079638721708,0.0645488908293465,0.0191372575310705,0.0235849104777302,0.0289691320151822
COCO,SEMCo,2025,ready,,cold_hot_course_count_weighted,820,6083,outputs\coco\semco_official_v1\strict_item_cold_balanced_thr1_seed_2025\sparsemax_scale12_e5_b512\per_item_full_cold_semco_official_static.csv,outputs\coco\semco_official_v1\strict_item_cold_balanced_thr1_seed_2025\sparsemax_scale12_e5_b512\per_item_full_hot_semco_official_static.csv,0.0270072367715849,0.0461971237306583,0.07987640631074,0.0163619156232161,0.0225263266189161,0.0309917051231416
COCO,SEMCo,2026,ready,,cold_hot_course_count_weighted,819,5996,outputs\coco\semco_official_v1\strict_item_cold_balanced_thr1_seed_2026\sparsemax_scale12_e5_b512\per_item_full_cold_semco_official_static.csv,outputs\coco\semco_official_v1\strict_item_cold_balanced_thr1_seed_2026\sparsemax_scale12_e5_b512\per_item_full_hot_semco_official_static.csv,0.0234682164674422,0.0387960911409322,0.0631742935096603,0.0152005602232648,0.0201250944777497,0.0262068771475812
COCO,SEMCo,2027,ready,,cold_hot_course_count_weighted,820,6065,outputs\coco\semco_official_v1\strict_item_cold_balanced_thr1_seed_2027\sparsemax_scale12_e5_b512\per_item_full_cold_semco_official_static.csv,outputs\coco\semco_official_v1\strict_item_cold_balanced_thr1_seed_2027\sparsemax_scale12_e5_b512\per_item_full_hot_semco_official_static.csv,0.0239971712710535,0.0417959186341462,0.0675874176759784,0.015250344482012,0.0209411154121224,0.0274142010733139
COCO,CKG-RL,2025,ready,,cold_hot_course_count_weighted,820,6083,outputs\coco\single_seed_triage\ours_full\strict_item_cold_balanced_thr1_seed_2025\per_item_full_cold_usim_feedback_fast3_content_delta_static.csv,outputs\coco\single_seed_triage\ours_full\strict_item_cold_balanced_thr1_seed_2025\per_item_full_hot_usim_feedback_fast3_content_delta_static.csv,0.0400884547615339,0.0604387266474488,0.0937533458517506,0.0256452272724313,0.0321960307519376,0.0406200676053125
COCO,CKG-RL,2026,ready,,cold_hot_course_count_weighted,819,5996,outputs\coco\single_seed_triage\ours_full\strict_item_cold_balanced_thr1_seed_2026\per_item_full_cold_usim_feedback_fast3_content_delta_static.csv,outputs\coco\single_seed_triage\ours_full\strict_item_cold_balanced_thr1_seed_2026\per_item_full_hot_usim_feedback_fast3_content_delta_static.csv,0.0417044831999189,0.0635217189382913,0.0944437955107049,0.0277408845416917,0.0347148400102264,0.042517155337499
COCO,CKG-RL,2027,ready,,cold_hot_course_count_weighted,820,6065,outputs\coco\single_seed_triage\ours_full\strict_item_cold_balanced_thr1_seed_2027\per_item_full_cold_usim_feedback_fast3_content_delta_static.csv,outputs\coco\single_seed_triage\ours_full\strict_item_cold_balanced_thr1_seed_2027\per_item_full_hot_usim_feedback_fast3_content_delta_static.csv,0.043038453312363,0.0639544617968394,0.0917722461460612,0.0280572771829467,0.0347542542650582,0.0417344841641506
