dataset,method,seeds,R@5,R@5_std,R@10,R@10_std,R@20,R@20_std,N@5,N@5_std,N@10,N@10_std,N@20,N@20_std,R@5_rank,R@5_strongest_baseline,R@5_strongest_baseline_method,R@5_relative_improvement,R@10_rank,R@10_strongest_baseline,R@10_strongest_baseline_method,R@10_relative_improvement,R@20_rank,R@20_strongest_baseline,R@20_strongest_baseline_method,R@20_relative_improvement,N@5_rank,N@5_strongest_baseline,N@5_strongest_baseline_method,N@5_relative_improvement,N@10_rank,N@10_strongest_baseline,N@10_strongest_baseline_method,N@10_relative_improvement,N@20_rank,N@20_strongest_baseline,N@20_strongest_baseline_method,N@20_relative_improvement
MOOCCube,Popularity,"2025,2026,2027",0.00927344936903065,0.000162998628694354,0.0175344696951512,0.000357471720635402,0.0330970576603715,9.38164824650493e-05,0.00559812815885557,0.000147102021298634,0.00821432197844395,0.000132140446641818,0.0120981650087715,0.000132988437165226,11,0.453570144713439,ALDI,,11,0.496764449376903,ALDI,,11,0.538465535560433,ALDI,,11,0.380725237978698,ALDI,,11,0.394745456355498,ALDI,,11,0.405303644448269,ALDI,
MOOCCube,BPR,"2025,2026,2027",0.175957445785439,0.0135167325905645,0.219082920690822,0.0158545865906742,0.273211240125203,0.0166215292292241,0.135856680620163,0.0103461125091412,0.149722768945514,0.0110760984013533,0.163356089458404,0.0112954293290793,4,0.453570144713439,ALDI,,4,0.496764449376903,ALDI,,5,0.538465535560433,ALDI,,3,0.380725237978698,ALDI,,4,0.394745456355498,ALDI,,4,0.405303644448269,ALDI,
MOOCCube,DropoutNet,"2025,2026,2027",0.150466802241671,0.00798442397065302,0.207179285009559,0.0127962384715826,0.27923624218129,0.014190832523467,0.106182982619845,0.00550196309286465,0.124474012320147,0.0068387977555431,0.142579012174828,0.00727609336694746,5,0.453570144713439,ALDI,,5,0.496764449376903,ALDI,,4,0.538465535560433,ALDI,,5,0.380725237978698,ALDI,,5,0.394745456355498,ALDI,,5,0.405303644448269,ALDI,
MOOCCube,LightGCN,"2025,2026,2027",0.131281077093682,0.012126736660829,0.186599332702013,0.0137468885413673,0.261615287290848,0.0100959822380525,0.091175357497549,0.00730172161442994,0.109003411726418,0.00775277023801494,0.127846059038712,0.00691866089912032,6,0.453570144713439,ALDI,,6,0.496764449376903,ALDI,,6,0.538465535560433,ALDI,,6,0.380725237978698,ALDI,,6,0.394745456355498,ALDI,,6,0.405303644448269,ALDI,
MOOCCube,CCFCRec,"2025,2026,2027",0.0589436424882062,0.00860397090372356,0.0901993707513105,0.015593560423032,0.137922610305545,0.0219166829052969,0.0422487501393392,0.00544607590691527,0.0522789993264492,0.00761212213373046,0.0642122722094374,0.00890725119823894,10,0.453570144713439,ALDI,,10,0.496764449376903,ALDI,,10,0.538465535560433,ALDI,,10,0.380725237978698,ALDI,,10,0.394745456355498,ALDI,,10,0.405303644448269,ALDI,
MOOCCube,ALDI,"2025,2026,2027",0.453570144713439,0.0127620063881747,0.496764449376903,0.0151624248619087,0.538465535560433,0.015596480634636,0.380725237978698,0.00913012185453455,0.394745456355498,0.00996685445029948,0.405303644448269,0.0100869188541405,1,0.453570144713439,ALDI,,1,0.496764449376903,ALDI,,1,0.538465535560433,ALDI,,1,0.380725237978698,ALDI,,1,0.394745456355498,ALDI,,1,0.405303644448269,ALDI,
MOOCCube,KGRec,"2025,2026,2027",0.10833012099923,0.00559456711550139,0.143316764481928,0.00569226136569486,0.194922885118856,0.00932956891244692,0.0846956429809104,0.00644783741356104,0.0959243639546918,0.00651897167069489,0.108900802668132,0.00732733589698469,8,0.453570144713439,ALDI,,9,0.496764449376903,ALDI,,9,0.538465535560433,ALDI,,7,0.380725237978698,ALDI,,7,0.394745456355498,ALDI,,8,0.405303644448269,ALDI,
MOOCCube,CGRC,"2025,2026,2027",0.185647029377968,0.013186395131662,0.239740661003836,0.0129402584799533,0.306135058508529,0.0108221377155021,0.141097935398336,0.00972512997410945,0.158613167562543,0.00979374741130196,0.175323838212182,0.00928345741065474,3,0.453570144713439,ALDI,,3,0.496764449376903,ALDI,,3,0.538465535560433,ALDI,,2,0.380725237978698,ALDI,,2,0.394745456355498,ALDI,,3,0.405303644448269,ALDI,
MOOCCube,USIM,"2025,2026,2027",0.113599289913674,0.0100748699722214,0.155066155641087,0.0117570094138708,0.212059137827296,0.0216331182472957,0.0821049437410165,0.00693854919390566,0.095492116468068,0.00740417598033276,0.109834488844435,0.00993646761253511,7,0.453570144713439,ALDI,,8,0.496764449376903,ALDI,,8,0.538465535560433,ALDI,,8,0.380725237978698,ALDI,,8,0.394745456355498,ALDI,,7,0.405303644448269,ALDI,
MOOCCube,SEMCo,"2025,2026,2027",0.187962169287402,0.0115415023134696,0.250184193444625,0.0140450505742366,0.332809214695084,0.0166852278274585,0.134669880373934,0.00736185964110404,0.154762731263949,0.00821024839645622,0.175531217741237,0.00883745804327519,2,0.453570144713439,ALDI,,2,0.496764449376903,ALDI,,2,0.538465535560433,ALDI,,4,0.380725237978698,ALDI,,3,0.394745456355498,ALDI,,2,0.405303644448269,ALDI,
MOOCCube,CKG-RL,"2025,2026,2027",0.104298489088055,0.014696077677429,0.156787267815037,0.0152289829168948,0.231527667599275,0.0178289565825626,0.0710761375627141,0.0100128170786274,0.0879400991371051,0.0101155509176008,0.106739974975047,0.0108027186093766,9,0.453570144713439,ALDI,-0.770049924353047,7,0.496764449376903,ALDI,-0.684383075295148,7,0.538465535560433,ALDI,-0.570023237683538,9,0.380725237978698,ALDI,-0.813313827210239,9,0.394745456355498,ALDI,-0.777223277123909,9,0.405303644448269,ALDI,-0.736641956130571
Junyi,Popularity,"2025,2026,2027",0.0164171047064701,0.000204121859737153,0.0286463965355689,0.000935261964972707,0.0518963441651996,0.000590733311742399,0.0100994489611627,0.000285821053730536,0.01400393151512,0.000497890795270712,0.0198568240005371,0.000389215566897883,11,0.148211855205222,CGRC,,10,0.217028724493082,CGRC,,11,0.323468683709765,LightGCN,,11,0.099830508725155,CGRC,,11,0.121926159534739,CGRC,,11,0.144788969996152,CGRC,
Junyi,BPR,"2025,2026,2027",0.129169627622927,0.00600964710418051,0.18307422960993,0.00716532973250752,0.261525813184099,0.00869022469032637,0.0894051867628727,0.00399009973045281,0.106748667552289,0.00432810975082593,0.126476166109899,0.00470374775897287,4,0.148211855205222,CGRC,,6,0.217028724493082,CGRC,,7,0.323468683709765,LightGCN,,2,0.099830508725155,CGRC,,4,0.121926159534739,CGRC,,5,0.144788969996152,CGRC,
Junyi,DropoutNet,"2025,2026,2027",0.0744547395241158,0.0019280532944807,0.127227615757289,0.00443924898345524,0.209625078364249,0.00806110002870401,0.0463825409007353,0.000792614815359094,0.0632965940715897,0.00149779154990905,0.083974568807008,0.00226465388240737,8,0.148211855205222,CGRC,,8,0.217028724493082,CGRC,,8,0.323468683709765,LightGCN,,8,0.099830508725155,CGRC,,8,0.121926159534739,CGRC,,8,0.144788969996152,CGRC,
Junyi,LightGCN,"2025,2026,2027",0.13384804707907,0.015779196627792,0.211304171452884,0.0208409602603207,0.323468683709765,0.0281199474807128,0.0879423122312682,0.0111418674996711,0.112783926536362,0.0127621943581936,0.14098883294848,0.0146035030617134,2,0.148211855205222,CGRC,,3,0.217028724493082,CGRC,,1,0.323468683709765,LightGCN,,3,0.099830508725155,CGRC,,2,0.121926159534739,CGRC,,2,0.144788969996152,CGRC,
Junyi,CCFCRec,"2025,2026,2027",0.0164707480813664,0.0016657890368058,0.0280669405257632,0.00240212030057484,0.0615206325143241,0.00140783553169201,0.0106171940965574,0.00107999847689804,0.0143151925231292,0.00131937291187298,0.0225769458878862,0.00051227315119687,10,0.148211855205222,CGRC,,11,0.217028724493082,CGRC,,10,0.323468683709765,LightGCN,,10,0.099830508725155,CGRC,,10,0.121926159534739,CGRC,,10,0.144788969996152,CGRC,
Junyi,ALDI,"2025,2026,2027",0.115741669379351,0.00487646859720155,0.185471949161363,0.00774041438158871,0.293500912804532,0.00915796930086205,0.0748526763673926,0.00313463882938316,0.0971939355835031,0.0040720461547187,0.124335482484419,0.00442311291455393,6,0.148211855205222,CGRC,,5,0.217028724493082,CGRC,,5,0.323468683709765,LightGCN,,6,0.099830508725155,CGRC,,6,0.121926159534739,CGRC,,6,0.144788969996152,CGRC,
Junyi,KGRec,"2025,2026,2027",0.0315692241529789,0.0062767392065251,0.0558355872361949,0.00958895964747318,0.09569226427459,0.0122057091129053,0.0192293283259729,0.00441521664528652,0.0270187991533129,0.00548023363875239,0.0370277936179816,0.00616041038581111,9,0.148211855205222,CGRC,,9,0.217028724493082,CGRC,,9,0.323468683709765,LightGCN,,9,0.099830508725155,CGRC,,9,0.121926159534739,CGRC,,9,0.144788969996152,CGRC,
Junyi,CGRC,"2025,2026,2027",0.148211855205222,0.00428656308164774,0.217028724493082,0.00692162072220391,0.307850031077689,0.00970691031858255,0.099830508725155,0.00237108983067132,0.121926159534739,0.00331552778294153,0.144788969996152,0.00401767449023544,1,0.148211855205222,CGRC,,1,0.217028724493082,CGRC,,3,0.323468683709765,LightGCN,,1,0.099830508725155,CGRC,,1,0.121926159534739,CGRC,,1,0.144788969996152,CGRC,
Junyi,USIM,"2025,2026,2027",0.122110214824423,0.00478043205700206,0.194259484346088,0.00706340681647168,0.295804229587335,0.0127992903918005,0.0795925938784739,0.0031960224732937,0.102760060049967,0.00368301341322693,0.128282438148847,0.00485314197982016,5,0.148211855205222,CGRC,,4,0.217028724493082,CGRC,,4,0.323468683709765,LightGCN,,5,0.099830508725155,CGRC,,5,0.121926159534739,CGRC,,4,0.144788969996152,CGRC,
Junyi,SEMCo,"2025,2026,2027",0.132634848854291,0.0224247147098023,0.21136759923272,0.0325781351885525,0.321210812490079,0.0411971852456021,0.0843605357056892,0.0155566914374163,0.109616024735896,0.0188007205453419,0.137228846114624,0.0209398655571946,3,0.148211855205222,CGRC,,2,0.217028724493082,CGRC,,2,0.323468683709765,LightGCN,,4,0.099830508725155,CGRC,,3,0.121926159534739,CGRC,,3,0.144788969996152,CGRC,
Junyi,CKG-RL,"2025,2026,2027",0.0929837254859408,0.00780243011522657,0.167594350706944,0.0142028862766649,0.282886398027134,0.0140487791125991,0.0555812810025795,0.00438667317105912,0.0794699590575644,0.00647332356867079,0.108408219873629,0.00651518636599108,7,0.148211855205222,CGRC,-0.372629636426919,7,0.217028724493082,CGRC,-0.227778022939603,6,0.323468683709765,LightGCN,-0.125459705147359,7,0.099830508725155,CGRC,-0.443243536346176,7,0.121926159534739,CGRC,-0.3482123987107,7,0.144788969996152,CGRC,-0.251267414385842
COCO,Popularity,"2025,2026,2027",0.000812851446697215,1.76758651385237e-05,0.00160967806115242,2.35512862246425e-05,0.00313630154561371,3.59475555126488e-05,0.000497967705158763,4.91433865423727e-06,0.000752191709337037,4.08026169707325e-06,0.00113306178305925,6.57093310126543e-06,11,0.0604612507031161,DropoutNet,,11,0.0926362891618798,DropoutNet,,11,0.136653795748905,DropoutNet,,11,0.0395876878920826,DropoutNet,,11,0.0499123933776009,DropoutNet,,11,0.0609790833218157,DropoutNet,
COCO,BPR,"2025,2026,2027",0.0358023162068934,0.00206372644203237,0.0507430228716348,0.0016698900732344,0.0718295784495116,0.00199859074690984,0.0242992922622391,0.00106735881510458,0.0291227930990803,0.000926287252703419,0.0344196179267482,0.000999541430226237,4,0.0604612507031161,DropoutNet,,4,0.0926362891618798,DropoutNet,,4,0.136653795748905,DropoutNet,,4,0.0395876878920826,DropoutNet,,4,0.0499123933776009,DropoutNet,,4,0.0609790833218157,DropoutNet,
COCO,DropoutNet,"2025,2026,2027",0.0604612507031161,0.00227055285018135,0.0926362891618798,0.00181730378292814,0.136653795748905,0.00233801644894284,0.0395876878920826,0.000948388481421357,0.0499123933776009,0.000975756863919079,0.0609790833218157,0.00111857033290587,1,0.0604612507031161,DropoutNet,,1,0.0926362891618798,DropoutNet,,1,0.136653795748905,DropoutNet,,1,0.0395876878920826,DropoutNet,,1,0.0499123933776009,DropoutNet,,1,0.0609790833218157,DropoutNet,
COCO,LightGCN,"2025,2026,2027",0.0118303925020306,0.000836130335147227,0.0207155258049275,0.0014816112181383,0.0359553088422088,0.00196261879723174,0.00744940486787525,0.000516472372403451,0.0102836259081587,0.000671695730417956,0.0141080592014559,0.000762409006522119,9,0.0604612507031161,DropoutNet,,9,0.0926362891618798,DropoutNet,,9,0.136653795748905,DropoutNet,,9,0.0395876878920826,DropoutNet,,9,0.0499123933776009,DropoutNet,,9,0.0609790833218157,DropoutNet,
COCO,CCFCRec,"2025,2026,2027",0.0189636283093138,0.00167581299153849,0.0319633712046691,0.00244683619003071,0.0544068072160221,0.0024534098801914,0.0117506996755055,0.00128369765736805,0.0159260730892112,0.00151546262306449,0.021551846651386,0.00149445478870328,8,0.0604612507031161,DropoutNet,,8,0.0926362891618798,DropoutNet,,7,0.136653795748905,DropoutNet,,8,0.0395876878920826,DropoutNet,,8,0.0499123933776009,DropoutNet,,8,0.0609790833218157,DropoutNet,
COCO,ALDI,"2025,2026,2027",0.0216923236047349,0.000507181624261356,0.0328959684898509,0.00121351732600624,0.0507169256850699,0.00286146866344647,0.0142095424655656,0.000354569848418335,0.0178138897834711,0.000268173546056036,0.0222714463663343,0.000557468161146998,7,0.0604612507031161,DropoutNet,,7,0.0926362891618798,DropoutNet,,8,0.136653795748905,DropoutNet,,7,0.0395876878920826,DropoutNet,,7,0.0499123933776009,DropoutNet,,7,0.0609790833218157,DropoutNet,
COCO,KGRec,"2025,2026,2027",0.00676642183407045,0.00152720498927509,0.0127907792147139,0.00278748100742175,0.0239405868023039,0.00376898947820854,0.00409379253480276,0.000992924593945462,0.00601624786862183,0.00137986402034231,0.00880875305558936,0.00161572747099051,10,0.0604612507031161,DropoutNet,,10,0.0926362891618798,DropoutNet,,10,0.136653795748905,DropoutNet,,10,0.0395876878920826,DropoutNet,,10,0.0499123933776009,DropoutNet,,10,0.0609790833218157,DropoutNet,
COCO,CGRC,"2025,2026,2027",0.0415517334162077,0.00172869182725091,0.0647503880941845,0.00219674858097656,0.0970517241942591,0.00293588261274669,0.0264405257595763,0.00113120251180514,0.0339030253481917,0.00120419378426303,0.042015929684356,0.00116896042758978,3,0.0604612507031161,DropoutNet,,2,0.0926362891618798,DropoutNet,,2,0.136653795748905,DropoutNet,,3,0.0395876878920826,DropoutNet,,2,0.0499123933776009,DropoutNet,,2,0.0609790833218157,DropoutNet,
COCO,USIM,"2025,2026,2027",0.0302213535496998,0.00156691358275424,0.0448287069098278,0.00177295448631234,0.0666382442150051,0.00198186910927886,0.0197643852409298,0.00108104049076789,0.0244539203599614,0.00112546491161002,0.0299180104997342,0.00113592652518976,5,0.0604612507031161,DropoutNet,,5,0.0926362891618798,DropoutNet,,6,0.136653795748905,DropoutNet,,5,0.0395876878920826,DropoutNet,,5,0.0499123933776009,DropoutNet,,5,0.0609790833218157,DropoutNet,
COCO,SEMCo,"2025,2026,2027",0.0248242081700269,0.00190896796790339,0.0422630445019122,0.00372256306606069,0.0702127058321262,0.00865501279213988,0.015604273442831,0.000656609376439909,0.021197512169596,0.00122097642150652,0.0282042611146789,0.00248833093471259,6,0.0604612507031161,DropoutNet,,6,0.0926362891618798,DropoutNet,,5,0.136653795748905,DropoutNet,,6,0.0395876878920826,DropoutNet,,6,0.0499123933776009,DropoutNet,,6,0.0609790833218157,DropoutNet,
COCO,CKG-RL,"2025,2026,2027",0.0416104637579386,0.00147724493706227,0.0626383024608598,0.00191713768796434,0.0933231291695055,0.00138676198289164,0.0271477963323566,0.00131084377816105,0.0338883750090741,0.00146574560697556,0.0416239023689874,0.000953365992664537,2,0.0604612507031161,DropoutNet,-0.311782947358149,3,0.0926362891618798,DropoutNet,-0.323825435716657,3,0.136653795748905,DropoutNet,-0.317083520014459,2,0.0395876878920826,DropoutNet,-0.314236375552863,3,0.0499123933776009,DropoutNet,-0.321042877012543,3,0.0609790833218157,DropoutNet,-0.317406886074063
